"site","resolution","model","date","GPP","ER","K600","id","discharge","confidence","doy","year","flood_n","deltaGPP","highflow"
"nwis_01608500","30min","nwis_01608500 30min",2009-05-08,-1.4325678125237,-4.06485996283713,2.40164635985357,"nwis_01608500 30min 2009-05-08",251.217627635,"H",128,2009,7,0.78654266728734,1
"nwis_01608500","30min","nwis_01608500 30min",2009-05-09,-0.318377067034455,-3.70588151869122,2.14288412068811,"nwis_01608500 30min 2009-05-09",173.765151746875,"H",129,2009,7,0.458030703092019,1
"nwis_01608500","30min","nwis_01608500 30min",2009-05-10,-0.884349411768592,-4.73365925117294,2.78711151883912,"nwis_01608500 30min 2009-05-10",127.301925294375,"H",130,2009,7,0.429294743428168,1
"nwis_01608500","30min","nwis_01608500 30min",2009-05-11,-0.574491317150976,-3.88678269428982,3.17125284465758,"nwis_01608500 30min 2009-05-11",93.35120561,"H",131,2009,7,0.164437706023318,1
"nwis_01608500","30min","nwis_01608500 30min",2009-05-12,1.19072568668044,-4.43856366590702,4.26741218872709,"nwis_01608500 30min 2009-05-12",75.16943009875,"H",132,2009,7,1.1211347973805,0
"nwis_01608500","30min","nwis_01608500 30min",2009-05-13,1.79325476968388,-4.02528547493162,4.43173738834637,"nwis_01608500 30min 2009-05-13",60.686542726875,"H",133,2009,7,3.15913967064633,0
"nwis_01608500","30min","nwis_01608500 30min",2009-05-14,2.22136829744874,-4.92870608279601,3.88528253479406,"nwis_01608500 30min 2009-05-14",50.657659414375,"H",134,2009,7,0.539692346174568,0
"nwis_01608500","30min","nwis_01608500 30min",2009-05-15,2.76296720525246,-4.5609228798171,2.45188022087701,"nwis_01608500 30min 2009-05-15",45.478036150625,"H",135,2009,7,0.443436192780704,0
"nwis_01608500","30min","nwis_01608500 30min",2009-05-16,4.03585771713743,-7.21545942379059,4.03977800802683,"nwis_01608500 30min 2009-05-16",45.242062425625,"H",136,2009,7,0.722015989913261,0
"nwis_01608500","30min","nwis_01608500 30min",2009-05-17,4.89125759776032,-4.68470149892605,1.39191515702727,"nwis_01608500 30min 2009-05-17",59.058324024375,"H",137,2009,7,0.2817654713507,0
"nwis_01608500","30min","nwis_01608500 30min",2009-05-18,NA,NA,NA,"nwis_01608500 30min 2009-05-18",NA,"H",138,2009,7,NA,0
"nwis_01608500","30min","nwis_01608500 30min",2009-05-19,4.79059070679783,-1.59690291790523,2.43146533978332,"nwis_01608500 30min 2009-05-19",44.545939936875,"H",139,2009,7,NA,0
"nwis_01608500","30min","nwis_01608500 30min",2009-05-20,5.23286542844714,-1.97327729227124,1.99522961716913,"nwis_01608500 30min 2009-05-20",38.09795790125,"H",140,2009,7,0.11667699202031,0
"nwis_01608500","30min","nwis_01608500 30min",2009-05-21,6.15251159463916,-2.2012057299507,2.0143136744512,"nwis_01608500 30min 2009-05-21",33.172006391875,"H",141,2009,7,0.21726326568558,0
"nwis_01608500","30min","nwis_01608500 30min",2009-05-22,7.32505262993673,-2.29316053985941,2.61092238739788,"nwis_01608500 30min 2009-05-22",29.411765084,"H",142,2009,7,0.2275668892269,0
"nwis_01608500","30min","nwis_01608500 30min",2009-05-23,7.77376727047881,-3.45337790167843,2.72748492698864,"nwis_01608500 30min 2009-05-23",26.404279958875,"H",143,2009,7,0.070942435865007,0
"nwis_01608500","30min","nwis_01608500 30min",2009-05-24,7.6473658551688,-5.67327992594915,3.11020445803512,"nwis_01608500 30min 2009-05-24",24.29821446325,"H",144,2009,7,0.0186604307858181,0
"nwis_01608500","30min","nwis_01608500 30min",2009-05-25,7.46981261159597,-7.78093636959229,3.52470552261034,"nwis_01608500 30min 2009-05-25",23.1484324881875,"H",145,2009,7,0.0267103161524906,0
"nwis_01608500","30min","nwis_01608500 30min",2009-05-26,3.26107187073884,-8.65204697662282,3.70334344593231,"nwis_01608500 30min 2009-05-26",23.9554626276875,"H",146,2009,7,0.650519728085126,0
"nwis_01608500","30min","nwis_01608500 30min",2009-05-27,4.89093320964176,-5.25896414621529,2.557027892403,"nwis_01608500 30min 2009-05-27",29.5905151806875,"H",147,2009,7,0.720835706284002,0
"nwis_01608500","30min","nwis_01608500 30min",2009-05-28,7.24803942686947,-6.27086493152174,3.24080855468743,"nwis_01608500 30min 2009-05-28",34.121800635,"H",148,2009,7,0.605794571694724,0
"nwis_01608500","30min","nwis_01608500 30min",2009-05-29,9.05274000252945,-8.88417180345097,3.46228166621744,"nwis_01608500 30min 2009-05-29",32.936032666875,"H",149,2009,7,0.288842699663342,0
"nwis_01608500","30min","nwis_01608500 30min",2009-05-30,7.80758884908066,-6.36453465240486,2.48637606239773,"nwis_01608500 30min 2009-05-30",30.40521446625,"H",150,2009,7,0.154624531905622,0
"nwis_01608500","30min","nwis_01608500 30min",2009-05-31,9.30915493333507,-7.87172215479766,3.10633794700279,"nwis_01608500 30min 2009-05-31",28.49382729375,"H",151,2009,7,0.220572381432405,0
"nwis_01608500","30min","nwis_01608500 30min",2009-06-01,10.9915227669066,-8.74119701489281,3.88317038237191,"nwis_01608500 30min 2009-06-01",31.390404768125,"H",152,2009,7,0.202471592727454,0
"nwis_01608500","30min","nwis_01608500 30min",2011-02-04,0.520231621803025,8.08744056591193,3.03663248724048,"nwis_01608500 30min 2011-02-04",70.278874648125,"H",35,2011,11,0.907519449330945,0
"nwis_01608500","30min","nwis_01608500 30min",2011-02-05,1.01804513967853,5.26289949613868,2.89643994604158,"nwis_01608500 30min 2011-02-05",50.008731670625,"H",36,2011,11,1.03761219058735,0
"nwis_01608500","30min","nwis_01608500 30min",2011-02-06,2.94762012991123,5.45423115354831,3.47954208245093,"nwis_01608500 30min 2011-02-06",41.962027648125,"H",37,2011,11,106.930454660238,0
"nwis_01608500","30min","nwis_01608500 30min",2011-02-07,3.86499463623534,7.84321888732335,4.79761094334887,"nwis_01608500 30min 2011-02-07",39.13624229125,"H",38,2011,11,0.471023323406461,0
"nwis_01608500","30min","nwis_01608500 30min",2011-02-08,3.18485618605237,7.71695622174295,3.88870378818242,"nwis_01608500 30min 2011-02-08",34.18079406625,"H",39,2011,11,0.237396064055703,0
"nwis_01608500","30min","nwis_01608500 30min",2011-02-09,3.60559024242413,8.3177079340673,4.36841101223986,"nwis_01608500 30min 2011-02-09",30.024116900375,"H",40,2011,11,0.192568306810138,0
"nwis_01608500","30min","nwis_01608500 30min",2011-02-10,2.67349260016677,8.30569389237373,4.10817641480536,"nwis_01608500 30min 2011-02-10",25.9482607353125,"H",41,2011,11,0.357729940449184,0
"nwis_01608500","30min","nwis_01608500 30min",2011-02-11,3.14972464286844,9.61701844910022,5.39069804399802,"nwis_01608500 30min 2011-02-11",22.371488998625,"H",42,2011,11,0.284573736779124,0
"nwis_01608500","30min","nwis_01608500 30min",2011-02-12,3.46834549233323,5.02636474727183,3.84470230583637,"nwis_01608500 30min 2011-02-12",19.25545596,"H",43,2011,11,0.148214726254264,0
"nwis_01608500","30min","nwis_01608500 30min",2011-02-13,3.41772550540134,6.28450936249313,4.36653804815812,"nwis_01608500 30min 2011-02-13",18.5056494488125,"H",44,2011,11,0.0205076587086847,0
"nwis_01608500","30min","nwis_01608500 30min",2011-02-14,3.85828304411285,5.95031392781074,4.75629040566165,"nwis_01608500 30min 2011-02-14",19.188203448375,"H",45,2011,11,0.182219833362919,0
"nwis_01608500","30min","nwis_01608500 30min",2011-02-15,NA,NA,NA,"nwis_01608500 30min 2011-02-15",NA,"H",46,2011,11,NA,0
"nwis_01608500","30min","nwis_01608500 30min",2011-02-16,6.0974635731215,5.18328258168715,4.85538203239837,"nwis_01608500 30min 2011-02-16",20.136817822875,"H",47,2011,11,NA,0
"nwis_01608500","30min","nwis_01608500 30min",2011-02-17,6.93791055427968,4.75095509048868,5.2042959069951,"nwis_01608500 30min 2011-02-17",18.371734359875,"H",48,2011,11,0.164875524680507,0
"nwis_01608500","30min","nwis_01608500 30min",2011-02-18,6.69875898837446,2.11394743694448,5.10443044929533,"nwis_01608500 30min 2011-02-18",19.8778366596875,"H",49,2011,11,0.0402753735879121,0
"nwis_01608500","30min","nwis_01608500 30min",2011-02-19,6.78816708996092,3.16183271066132,4.94674657408426,"nwis_01608500 30min 2011-02-19",35.5311537075625,"H",50,2011,11,0.0156890476977274,0
"nwis_01608500","30min","nwis_01608500 30min",2011-02-20,7.26437689199559,4.30857634281485,5.41185767866634,"nwis_01608500 30min 2011-02-20",39.720277260625,"H",51,2011,11,0.0822729880864384,0
"nwis_01608500","30min","nwis_01608500 30min",2011-05-01,-0.770056818208367,-4.13256337458604,2.43364079543841,"nwis_01608500 30min 2011-05-01",149.837416031875,"H",121,2011,13,0.237748031092539,1
"nwis_01608500","30min","nwis_01608500 30min",2011-05-02,1.2675659699866,-6.23010009932263,3.84894883661995,"nwis_01608500 30min 2011-05-02",111.031536955625,"H",122,2011,13,1.15116236226667,1
"nwis_01608500","30min","nwis_01608500 30min",2011-05-03,1.26450010201037,-8.57728251779659,4.44110235550574,"nwis_01608500 30min 2011-05-03",81.298847605625,"H",123,2011,13,0.0114583628717188,0
"nwis_01608500","30min","nwis_01608500 30min",2011-05-04,0.758592555447809,-6.75514773972611,3.94121192694205,"nwis_01608500 30min 2011-05-04",91.599100701875,"H",124,2011,13,1.91269320018155,1
"nwis_01608500","30min","nwis_01608500 30min",2011-05-05,0.130433365189586,-1.39886795212696,2.44608976888656,"nwis_01608500 30min 2011-05-05",99.315441509375,"H",125,2011,13,2.60207050127826,1
"nwis_01608500","30min","nwis_01608500 30min",2011-05-06,1.64149526917255,-3.34081326552023,3.98922869287337,"nwis_01608500 30min 2011-05-06",81.298847605625,"H",126,2011,13,1.73771835704392,0
"nwis_01608500","30min","nwis_01608500 30min",2011-05-07,1.94118194142509,-4.09812037892345,4.47724662941344,"nwis_01608500 30min 2011-05-07",69.3998725225,"H",127,2011,13,0.467168951439188,0
"nwis_01608500","30min","nwis_01608500 30min",2011-05-08,2.93256839517084,-3.13219417849741,4.96975075455202,"nwis_01608500 30min 2011-05-08",60.0553130125,"H",128,2011,13,1.05334198427633,0
"nwis_01608500","30min","nwis_01608500 30min",2011-05-09,3.34276236797955,-3.79990193214047,3.77715682801901,"nwis_01608500 30min 2011-05-09",51.436372706875,"H",129,2011,13,0.212253275917021,0
"nwis_01608500","30min","nwis_01608500 30min",2011-05-10,NA,NA,NA,"nwis_01608500 30min 2011-05-10",NA,"H",130,2011,13,NA,0
"nwis_01608500","30min","nwis_01608500 30min",2011-05-11,4.42441283550873,0.423351153646228,3.19867312128337,"nwis_01608500 30min 2011-05-11",38.4873145475,"H",131,2011,13,NA,0
"nwis_01608500","30min","nwis_01608500 30min",2011-05-12,6.25836642937186,-1.5232242700404,3.05949186582712,"nwis_01608500 30min 2011-05-12",34.4757612225,"H",132,2011,13,0.535552715737523,0
"nwis_01608500","30min","nwis_01608500 30min",2011-05-13,5.63627272176102,-2.81766509213972,3.64347470585466,"nwis_01608500 30min 2011-05-13",33.13071099,"H",133,2011,13,0.118305507226729,0
"nwis_01608500","30min","nwis_01608500 30min",2011-05-14,7.43527590630539,-4.27630534290259,2.24412946421819,"nwis_01608500 30min 2011-05-14",46.551716599375,"H",134,2011,13,0.388027903557202,0
"nwis_01608500","30min","nwis_01608500 30min",2011-05-15,5.56309050036088,-5.04080335972997,0.364987135918638,"nwis_01608500 30min 2011-05-15",49.49548881875,"H",135,2011,13,0.290925429337087,0
"nwis_01608500","30min","nwis_01608500 30min",2011-05-16,9.5154049060853,-3.70201509710494,2.99016173333813,"nwis_01608500 30min 2011-05-16",49.348005240625,"H",136,2011,13,0.866148590612403,0
"nwis_01608500","30min","nwis_01608500 30min",2012-01-13,-0.822033975050291,-1.21206320446159,2.64484446124644,"nwis_01608500 30min 2012-01-13",156.008128940625,"H",13,2012,16,0.337600669108414,1
"nwis_01608500","30min","nwis_01608500 30min",2012-01-14,0.486407186993164,1.10042789411713,2.19205424986796,"nwis_01608500 30min 2012-01-14",133.99767974125,"H",14,2012,16,0.71812116566451,1
"nwis_01608500","30min","nwis_01608500 30min",2012-01-15,1.16942652443814,0.442203311840582,1.86528200278051,"nwis_01608500 30min 2012-01-15",95.870225124375,"H",15,2012,16,1.32988492079208,1
"nwis_01608500","30min","nwis_01608500 30min",2012-01-16,1.46693052634774,-0.529887843723745,2.83422599635564,"nwis_01608500 30min 2012-01-16",72.915881025,"H",16,2012,16,1.75594702716234,0
"nwis_01608500","30min","nwis_01608500 30min",2012-01-17,1.59384871060445,-2.65564871890193,3.74013085339345,"nwis_01608500 30min 2012-01-17",63.848590641875,"H",17,2012,16,0.271813850444616,0
"nwis_01608500","30min","nwis_01608500 30min",2012-01-18,1.99700359034414,-2.77011724549361,3.46739439839906,"nwis_01608500 30min 2012-01-18",76.095626969375,"H",18,2012,16,0.678884827971316,0
"nwis_01608500","30min","nwis_01608500 30min",2012-01-19,2.01601982163476,0.0408113260514868,2.36923463787245,"nwis_01608500 30min 2012-01-19",76.850742889375,"H",19,2012,16,0.0190733829594894,0
"nwis_01608500","30min","nwis_01608500 30min",2012-01-20,1.79135455246996,-0.134997028445671,3.64695670568421,"nwis_01608500 30min 2012-01-20",66.137535774375,"H",20,2012,16,0.221122919436077,0
"nwis_01608500","30min","nwis_01608500 30min",2012-01-21,1.74002998555987,-1.91759558800427,3.84846263386237,"nwis_01608500 30min 2012-01-21",58.69846409375,"H",21,2012,16,0.0648566015699243,0
"nwis_01608500","30min","nwis_01608500 30min",2012-01-22,2.32377702830001,-1.5985562226922,3.15843209988151,"nwis_01608500 30min 2012-01-22",52.51595249875,"H",22,2012,16,0.788815391444586,0
"nwis_01608500","30min","nwis_01608500 30min",2012-01-23,2.25896505359005,-2.22649985425386,3.32211342843308,"nwis_01608500 30min 2012-01-23",48.2566267625,"H",23,2012,16,0.0489598877487634,0
"nwis_01608500","30min","nwis_01608500 30min",2012-01-24,2.80433489008596,-1.96878081085172,2.78045256735822,"nwis_01608500 30min 2012-01-24",46.66380411875,"H",24,2012,16,0.4331890189809,0
"nwis_01608500","30min","nwis_01608500 30min",2012-01-25,3.19288100541168,-1.74260366645771,2.74472932448536,"nwis_01608500 30min 2012-01-25",43.767226644375,"H",25,2012,16,0.215340354753773,0
"nwis_01608500","30min","nwis_01608500 30min",2012-01-26,2.20737413157888,-2.61250009960308,3.34548760443623,"nwis_01608500 30min 2012-01-26",40.947340630625,"H",26,2012,16,0.449411924952027,0
"nwis_01608500","30min","nwis_01608500 30min",2012-01-27,2.99748039819306,-1.7363496242804,2.6592567042304,"nwis_01608500 30min 2012-01-27",42.09771254,"H",27,2012,16,0.654400525859337,0
"nwis_01608500","30min","nwis_01608500 30min",2012-01-28,3.45018280499986,-1.96127561681169,3.31460036912363,"nwis_01608500 30min 2012-01-28",47.908565518125,"H",28,2012,16,0.226636720548707,0
"nwis_01608500","30min","nwis_01608500 30min",2012-01-29,3.54082914480548,-0.839673618426449,2.22817475793416,"nwis_01608500 30min 2012-01-29",48.805265673125,"H",29,2012,16,0.0369957456319776,0
"nwis_01608500","30min","nwis_01608500 30min",2012-01-30,3.5509484475828,-1.50997791728806,1.91972914196539,"nwis_01608500 30min 2012-01-30",45.62551972875,"H",30,2012,16,0.00398267738624149,0
"nwis_01608500","30min","nwis_01608500 30min",2012-01-31,3.78186195284045,-2.05124106650896,2.16079442888936,"nwis_01608500 30min 2012-01-31",42.669948823125,"H",31,2012,16,0.0905206475169877,0
"nwis_01608500","30min","nwis_01608500 30min",2012-02-01,3.51091406744356,-3.65502607454864,1.69116724941195,"nwis_01608500 30min 2012-02-01",39.53739762375,"H",32,2012,16,0.0973980341189236,0
"nwis_01608500","30min","nwis_01608500 30min",2012-02-02,NA,NA,NA,"nwis_01608500 30min 2012-02-02",NA,"H",33,2012,16,NA,0
"nwis_01608500","30min","nwis_01608500 30min",2012-02-03,4.59169548556062,-2.44802743950606,1.73610137820125,"nwis_01608500 30min 2012-02-03",37.856084833125,"H",34,2012,16,NA,0
"nwis_01608500","30min","nwis_01608500 30min",2012-02-04,4.22826844095968,-1.99607428779184,3.98978495424853,"nwis_01608500 30min 2012-02-04",37.46082884375,"H",35,2012,16,0.101185372218217,0
"nwis_01608500","30min","nwis_01608500 30min",2012-02-05,4.21012183410038,0.122954130548607,2.80762988213731,"nwis_01608500 30min 2012-02-05",36.947585991875,"H",36,2012,16,0.00562115796476511,0
"nwis_01608500","30min","nwis_01608500 30min",2012-02-06,4.45620677652237,-1.70438914271659,1.76258627874947,"nwis_01608500 30min 2012-02-06",38.05076315625,"H",37,2012,16,0.0766590662721541,0
"nwis_01608500","30min","nwis_01608500 30min",2012-02-07,4.76148650005969,-2.66518902832807,1.6039006999379,"nwis_01608500 30min 2012-02-07",35.78541539625,"H",38,2012,16,0.088327968572671,0
"nwis_01608500","30min","nwis_01608500 30min",2012-02-08,4.04956350592241,-2.62749533892026,1.65489448204473,"nwis_01608500 30min 2012-02-08",34.151297350625,"H",39,2012,16,0.189266396177677,0
"nwis_01608500","30min","nwis_01608500 30min",2012-02-09,5.35114378576043,-2.41700845445349,1.80164757887178,"nwis_01608500 30min 2012-02-09",33.0363215,"H",40,2012,16,0.426808714529238,0
"nwis_01608500","30min","nwis_01608500 30min",2012-02-10,5.74623828024475,-2.91511493980422,2.19697199958139,"nwis_01608500 30min 2012-02-10",31.744365355625,"H",41,2012,16,0.0908024450438315,0
"nwis_01608500","30min","nwis_01608500 30min",2012-02-11,4.61161407722907,-0.37761412218049,3.26222431656095,"nwis_01608500 30min 2012-02-11",30.5585973875,"H",42,2012,16,0.239057572759952,0
"nwis_01608500","30min","nwis_01608500 30min",2012-02-12,4.66891789816762,-1.77196778626402,1.85937268066892,"nwis_01608500 30min 2012-02-12",29.266641243125,"H",43,2012,16,0.0158665404755857,0
"nwis_01608500","30min","nwis_01608500 30min",2012-02-13,NA,NA,NA,"nwis_01608500 30min 2012-02-13",NA,"H",44,2012,16,NA,0
"nwis_01608500","30min","nwis_01608500 30min",2012-02-14,4.06505063704543,-0.723135848836627,2.12632079301541,"nwis_01608500 30min 2012-02-14",25.231490545625,"H",45,2012,16,NA,0
"nwis_01608500","30min","nwis_01608500 30min",2012-02-15,5.17039678557071,-4.70515414581799,0.829658296338474,"nwis_01608500 30min 2012-02-15",25.5329469793125,"H",46,2012,16,0.360629000762866,0
"nwis_01608500","30min","nwis_01608500 30min",2012-02-16,3.66079628990744,-3.29965900750614,2.04936595018816,"nwis_01608500 30min 2012-02-16",25.344757933625,"H",47,2012,16,0.36198006407601,0
"nwis_01608500","30min","nwis_01608500 30min",2012-02-17,6.76801458019358,-2.7330124066583,1.95585409670238,"nwis_01608500 30min 2012-02-17",27.5658606201875,"H",48,2012,16,1.16777759427582,0
"nwis_01608500","30min","nwis_01608500 30min",2012-02-18,7.27062696814055,-3.39634908225131,2.15314172835485,"nwis_01608500 30min 2012-02-18",36.168872699375,"H",49,2012,16,0.0871378497677275,0
"nwis_01608500","30min","nwis_01608500 30min",2012-02-19,7.44695927568618,-3.66371660016136,2.06446290593964,"nwis_01608500 30min 2012-02-19",36.121677954375,"H",50,2012,16,0.0281203631537212,0
"nwis_01608500","30min","nwis_01608500 30min",2012-02-20,7.06851416417267,-2.69318930386564,2.13305135701731,"nwis_01608500 30min 2012-02-20",34.446264506875,"H",51,2012,16,0.0587013342771939,0
"nwis_01608500","30min","nwis_01608500 30min",2012-02-21,6.46700230990275,-3.72260336314463,1.79072065240635,"nwis_01608500 30min 2012-02-21",32.098325943125,"H",52,2012,16,0.0991201203452946,0
"nwis_01608500","30min","nwis_01608500 30min",2012-02-22,6.91135890530802,-2.25528448233915,3.20142497075262,"nwis_01608500 30min 2012-02-22",29.974562418125,"H",53,2012,16,0.0812797526352564,0
"nwis_01608500","30min","nwis_01608500 30min",2012-02-23,7.37234012552556,-4.40781172584646,1.9961376966181,"nwis_01608500 30min 2012-02-23",28.7651970775,"H",54,2012,16,0.077982275751115,0
"nwis_01608500","30min","nwis_01608500 30min",2012-02-24,5.76196513811475,-4.47815135218482,2.6231213967147,"nwis_01608500 30min 2012-02-24",31.944943021875,"H",55,2012,16,0.252713282042206,0
"nwis_01608500","30min","nwis_01608500 30min",2012-02-25,6.85262301688204,-3.43332883905655,2.93354464883625,"nwis_01608500 30min 2012-02-25",45.466237464375,"H",56,2012,16,0.22903525060225,0
"nwis_01608500","30min","nwis_01608500 30min",2012-02-26,9.03650998700923,-2.70035294957776,3.43392945665893,"nwis_01608500 30min 2012-02-26",46.109265865,"H",57,2012,16,0.373146700860061,0
"nwis_01608500","30min","nwis_01608500 30min",2012-03-03,-0.168714399002142,-4.09643614457725,2.58080397075077,"nwis_01608500 30min 2012-03-03",255.0639993525,"H",63,2012,17,0.950951218882327,1
"nwis_01608500","30min","nwis_01608500 30min",2012-03-04,0.0226949736641749,1.09052966107594,1.65811978757212,"nwis_01608500 30min 2012-03-04",231.991668390625,"H",64,2012,17,0.163777714067478,1
"nwis_01608500","30min","nwis_01608500 30min",2012-03-05,0.584374366682465,0.0319581981609457,2.13875173282385,"nwis_01608500 30min 2012-03-05",154.751568855,"H",65,2012,17,0.574722709780973,1
"nwis_01608500","30min","nwis_01608500 30min",2012-03-06,0.530743797824522,-0.875304742964126,2.94735381624842,"nwis_01608500 30min 2012-03-06",110.6008849075,"H",66,2012,17,0.129035758525918,1
"nwis_01608500","30min","nwis_01608500 30min",2012-03-07,1.57262225218016,-2.39140293973153,4.74612549743984,"nwis_01608500 30min 2012-03-07",84.3606066875,"H",67,2012,17,2.2202763640107,0
"nwis_01608500","30min","nwis_01608500 30min",2012-03-08,1.91205208464297,-4.02431004395752,5.14179247468306,"nwis_01608500 30min 2012-03-08",70.691828666875,"H",68,2012,17,0.592763957688493,0
"nwis_01608500","30min","nwis_01608500 30min",2012-03-09,2.38742154575587,-3.22874554876074,3.9723492955213,"nwis_01608500 30min 2012-03-09",62.291164056875,"H",69,2012,17,0.521208677790575,0
"nwis_01608500","30min","nwis_01608500 30min",2012-03-10,2.50348582037333,-2.37613038370205,3.99366273187158,"nwis_01608500 30min 2012-03-10",54.78130025875,"H",70,2012,17,0.0836546577876791,0
"nwis_01608500","30min","nwis_01608500 30min",2012-03-11,3.00364260952843,-2.65948780728044,3.84979660765437,"nwis_01608500 30min 2012-03-11",48.168136615625,"H",71,2012,17,0.332664786310327,0
"nwis_01608500","30min","nwis_01608500 30min",2012-03-12,NA,NA,NA,"nwis_01608500 30min 2012-03-12",NA,"H",72,2012,17,NA,0
"nwis_01608500","30min","nwis_01608500 30min",2012-03-13,3.35331419504934,-2.91190238165388,3.55812874849679,"nwis_01608500 30min 2012-03-13",40.510789239375,"H",73,2012,17,NA,0
"nwis_01608500","30min","nwis_01608500 30min",2012-03-14,4.02073035825173,-3.46342362118925,3.34689259922796,"nwis_01608500 30min 2012-03-14",37.74399731375,"H",74,2012,17,0.28360690833652,0
"nwis_01608500","30min","nwis_01608500 30min",2012-03-15,4.25344721774885,-3.24930849238938,3.07745212029854,"nwis_01608500 30min 2012-03-15",34.51115728125,"H",75,2012,17,0.0770399313733538,0
"nwis_01608500","30min","nwis_01608500 30min",2012-03-16,4.48326166459853,-3.55221776794736,3.18768783772045,"nwis_01608500 30min 2012-03-16",31.826956159375,"H",76,2012,17,0.0706372138438118,0
"nwis_01608500","30min","nwis_01608500 30min",2012-03-17,5.18376564009843,-3.44289895402668,3.08640245375365,"nwis_01608500 30min 2012-03-17",29.832978183125,"H",77,2012,17,0.201105757462708,0
"nwis_01608500","30min","nwis_01608500 30min",2012-03-18,4.44063907324502,-2.94323321798632,2.81445846693089,"nwis_01608500 30min 2012-03-18",28.17290302775,"H",78,2012,17,0.177621461329255,0
"nwis_01608500","30min","nwis_01608500 30min",2012-03-19,4.93347687459916,-3.67206987825205,2.85861200480363,"nwis_01608500 30min 2012-03-19",33.518887767625,"H",79,2012,17,0.143240191970884,0
"nwis_01608500","30min","nwis_01608500 30min",2012-03-20,4.49994517919558,-4.61948904204854,2.64703741395179,"nwis_01608500 30min 2012-03-20",35.21907845625,"H",80,2012,17,0.110215900391625,0
"nwis_01608500","30min","nwis_01608500 30min",2012-03-21,3.63699847287228,-4.08579299467056,2.23875584298923,"nwis_01608500 30min 2012-03-21",32.6823609125,"H",81,2012,17,0.24656006369838,0
"nwis_01608500","30min","nwis_01608500 30min",2012-03-22,6.43978963699055,-4.18992360166292,3.11519541348621,"nwis_01608500 30min 2012-03-22",36.32815496375,"H",82,2012,17,1.06287174336715,0
"nwis_01608500","30min","nwis_01608500 30min",2012-03-23,6.94212544426766,-5.21302453592457,3.39938978771976,"nwis_01608500 30min 2012-03-23",34.54655334,"H",83,2012,17,0.0923447119832039,0
"nwis_01608500","30min","nwis_01608500 30min",2012-03-26,1.68291387580372,-2.10589605052294,2.63525397103562,"nwis_01608500 30min 2012-03-26",97.8111090125,"H",86,2012,18,0.809116528273349,1
"nwis_01608500","30min","nwis_01608500 30min",2012-03-27,4.41561205731845,-2.10472479963586,2.54283424579876,"nwis_01608500 30min 2012-03-27",79.953797373125,"H",87,2012,18,4.00152680789891,0
"nwis_01608500","30min","nwis_01608500 30min",2012-03-28,4.3030949465457,-2.93401197520108,3.81958434996677,"nwis_01608500 30min 2012-03-28",64.981264521875,"H",88,2012,18,0.0329420053813387,0
"nwis_01608500","30min","nwis_01608500 30min",2012-03-29,6.02547612142044,-3.35081695492711,2.83661097180831,"nwis_01608500 30min 2012-03-29",58.74565883875,"H",89,2012,18,0.521444645930014,0
"nwis_01608500","30min","nwis_01608500 30min",2012-03-30,5.47730852570226,-4.19719438309693,2.63067851069441,"nwis_01608500 30min 2012-03-30",53.5424382025,"H",90,2012,18,0.109077743575715,0
"nwis_01608500","30min","nwis_01608500 30min",2012-03-31,6.54852875198556,-4.10337418691064,2.52286461384386,"nwis_01608500 30min 2012-03-31",49.265414436875,"H",91,2012,18,0.239255396436027,0
"nwis_01608500","30min","nwis_01608500 30min",2012-04-01,7.83033480866125,-4.32408475331048,3.17499701266537,"nwis_01608500 30min 2012-04-01",45.8025000225,"H",92,2012,18,0.23101728655853,0
"nwis_01608500","30min","nwis_01608500 30min",2012-04-02,7.96729862305825,-4.91136150366708,2.22995563770925,"nwis_01608500 30min 2012-04-02",41.395690708125,"H",93,2012,18,0.0200522841462065,0
"nwis_01608500","30min","nwis_01608500 30min",2012-04-03,7.8622650029289,-4.28907089038768,2.45888866738254,"nwis_01608500 30min 2012-04-03",37.443130814375,"H",94,2012,18,0.0150752286950558,0
"nwis_01608500","30min","nwis_01608500 30min",2012-04-04,8.17796343406192,-4.51960009187079,2.94811185334693,"nwis_01608500 30min 2012-04-04",33.35488602875,"H",95,2012,18,0.0460049897516749,0
"nwis_01608500","30min","nwis_01608500 30min",2012-04-05,8.7441094421339,-3.66233350372917,3.02427787008663,"nwis_01608500 30min 2012-04-05",30.68838293625,"H",96,2012,18,0.0788727907675622,0
"nwis_01608500","30min","nwis_01608500 30min",2012-04-06,8.30209008134046,-3.37052277850035,3.10819618132137,"nwis_01608500 30min 2012-04-06",28.35224305875,"H",97,2012,18,0.0570781397262434,0
"nwis_01608500","30min","nwis_01608500 30min",2012-04-07,8.3781316025887,-2.97560512476325,3.18637355065367,"nwis_01608500 30min 2012-04-07",26.05857845175,"H",98,2012,18,0.0104136651836924,0
"nwis_01608500","30min","nwis_01608500 30min",2012-04-08,7.41745577295155,-3.00872875120771,2.87530121685972,"nwis_01608500 30min 2012-04-08",23.84986438575,"H",99,2012,18,0.130205840906943,0
"nwis_01608500","30min","nwis_01608500 30min",2012-04-09,6.75310665950942,-3.18789241772109,2.77177380191248,"nwis_01608500 30min 2012-04-09",22.2434732528125,"H",100,2012,18,0.103522195858715,0
"nwis_01608500","30min","nwis_01608500 30min",2012-04-10,7.77137799681187,-3.11223933712993,2.8560621518723,"nwis_01608500 30min 2012-04-10",21.276570914625,"H",101,2012,18,0.176995038953316,0
"nwis_01608500","30min","nwis_01608500 30min",2012-04-11,7.35941087240973,-1.20342611639823,4.57918841871447,"nwis_01608500 30min 2012-04-11",20.4589219575,"H",102,2012,18,0.0608394812098961,0
"nwis_01608500","30min","nwis_01608500 30min",2012-04-12,8.4153378883168,-2.63863810739567,3.05318435817238,"nwis_01608500 30min 2012-04-12",19.30972991675,"H",103,2012,18,0.166041640820568,0
"nwis_01608500","30min","nwis_01608500 30min",2012-04-13,9.88984347346893,-1.81366420943355,3.64068305975508,"nwis_01608500 30min 2012-04-13",18.415389499,"H",104,2012,18,0.198845367178113,0
"nwis_01608500","30min","nwis_01608500 30min",2012-04-14,10.4813448773605,-4.34016943439931,3.41223942631319,"nwis_01608500 30min 2012-04-14",17.4478972265,"H",105,2012,18,0.0665367625039588,0
"nwis_01608500","30min","nwis_01608500 30min",2012-04-15,10.0300130771772,-4.76630820575605,3.20825646543131,"nwis_01608500 30min 2012-04-15",16.650306036,"H",106,2012,18,0.0476020866260216,0
"nwis_01608500","30min","nwis_01608500 30min",2012-04-16,NA,NA,NA,"nwis_01608500 30min 2012-04-16",NA,"H",107,2012,18,NA,0
"nwis_01608500","30min","nwis_01608500 30min",2012-04-17,10.3159450125185,-6.40421534373456,2.98250447968025,"nwis_01608500 30min 2012-04-17",15.1353547215,"H",108,2012,18,NA,0
"nwis_01608500","30min","nwis_01608500 30min",2012-04-18,8.4456231836225,-8.10997956018137,2.93146170074838,"nwis_01608500 30min 2012-04-18",14.501765269875,"H",109,2012,18,0.20076565784606,0
"nwis_01608500","30min","nwis_01608500 30min",2012-04-19,11.8372931753692,-7.52923679876654,3.62730706084181,"nwis_01608500 30min 2012-04-19",15.045684706,"H",110,2012,18,0.455525334562601,0
"nwis_01608500","30min","nwis_01608500 30min",2012-04-20,12.5714126532777,-8.13318575643508,4.2804726681312,"nwis_01608500 30min 2012-04-20",15.9453345325625,"H",111,2012,18,0.0677401142544518,0
"nwis_01608500","30min","nwis_01608500 30min",2012-07-26,3.90330646855127,-9.50927545843296,2.49712873148365,"nwis_01608500 30min 2012-07-26",49.66067042625,"H",208,2012,20,0.799990585680488,0
"nwis_01608500","30min","nwis_01608500 30min",2012-07-27,4.35844219431543,-5.04357791095702,1.45398961359848,"nwis_01608500 30min 2012-07-27",26.994214271375,"H",209,2012,20,0.156764616720352,0
"nwis_01608500","30min","nwis_01608500 30min",2012-07-28,7.65120762702856,-4.62273173561718,2.87728749788223,"nwis_01608500 30min 2012-07-28",17.9416722460625,"H",210,2012,20,0.980444278090162,0
"nwis_01608500","30min","nwis_01608500 30min",2012-07-29,8.78455554767358,-3.68030708016711,3.56558306657156,"nwis_01608500 30min 2012-07-29",13.7224620430625,"H",211,2012,20,0.170397314923598,0
"nwis_01608500","30min","nwis_01608500 30min",2012-07-30,9.41600588032148,-4.475472244527,3.19239986180992,"nwis_01608500 30min 2012-07-30",10.9474110370625,"H",212,2012,20,0.0811157848101693,0
"nwis_01608500","30min","nwis_01608500 30min",2012-07-31,11.8779901882548,-6.94836776027769,7.07070301490044,"nwis_01608500 30min 2012-07-31",9.7297866160625,"H",213,2012,20,0.292535953865003,0
"nwis_01608500","30min","nwis_01608500 30min",2012-08-01,10.4305274460399,-3.65468255839007,4.00232784542144,"nwis_01608500 30min 2012-08-01",9.4076824814375,"H",214,2012,20,0.133063435171853,0
"nwis_01608500","30min","nwis_01608500 30min",2012-08-02,11.674884867605,-5.59342411222557,3.22359073535277,"nwis_01608500 30min 2012-08-02",16.8880495639375,"H",215,2012,20,0.131949928430316,0
"nwis_01608500","30min","nwis_01608500 30min",2012-08-03,11.983947853405,-6.49407237510467,3.07669265218462,"nwis_01608500 30min 2012-08-03",17.6762018054375,"H",216,2012,20,0.0289523483984274,0
"nwis_01608500","30min","nwis_01608500 30min",2012-08-04,11.8698002935061,-6.156651295599,4.1222820093391,"nwis_01608500 30min 2012-08-04",11.9172630468125,"H",217,2012,20,0.0103922161159491,0
"nwis_01608500","30min","nwis_01608500 30min",2012-08-05,13.9972909507631,-7.46443064207083,5.26032934929116,"nwis_01608500 30min 2012-08-05",10.49847102525,"H",218,2012,20,0.195724907524568,0
"nwis_01608500","30min","nwis_01608500 30min",2012-08-06,12.1885271363265,-4.85785823086695,3.67659211092685,"nwis_01608500 30min 2012-08-06",11.611087138625,"H",219,2012,20,0.139164678338635,0
"nwis_01608500","30min","nwis_01608500 30min",2012-08-07,13.9813189216639,-5.01052637268454,3.85409529922895,"nwis_01608500 30min 2012-08-07",9.7793410983125,"H",220,2012,20,0.16023483372683,0
"nwis_01608500","30min","nwis_01608500 30min",2012-08-08,12.0703813769784,-6.20251357574631,3.65139407485256,"nwis_01608500 30min 2012-08-08",11.034131381,"H",221,2012,20,0.147206732706985,0
"nwis_01608500","30min","nwis_01608500 30min",2012-08-09,14.216699187597,-6.96457688086373,5.71012390506329,"nwis_01608500 30min 2012-08-09",11.1350101484375,"H",222,2012,20,0.193879301672661,0
"nwis_01608500","30min","nwis_01608500 30min",2012-10-31,-1.15853050586108,-7.20197851200421,3.49628489835054,"nwis_01608500 30min 2012-10-31",58.76925621125,"H",305,2012,21,0.12972701244117,0
"nwis_01608500","30min","nwis_01608500 30min",2012-11-01,0.786210394979102,-3.18724837208013,2.89212407399129,"nwis_01608500 30min 2012-11-01",31.2812669203125,"H",306,2012,21,0.90095594922546,0
"nwis_01608500","30min","nwis_01608500 30min",2012-11-02,1.50277565880377,-2.96198843395763,4.27701141469024,"nwis_01608500 30min 2012-11-02",23.6392578361875,"H",307,2012,21,3.3517310804453,0
"nwis_01608500","30min","nwis_01608500 30min",2012-11-03,1.91343558649585,-2.5468396394906,4.26749825610916,"nwis_01608500 30min 2012-11-03",19.8530594185625,"H",308,2012,21,0.816785618995843,0
"nwis_01608500","30min","nwis_01608500 30min",2012-11-04,2.48881914396346,-1.65511378677785,3.93797345774755,"nwis_01608500 30min 2012-11-04",17.0325834705,"H",309,2012,21,0.629911474847301,0
"nwis_01608500","30min","nwis_01608500 30min",2012-11-05,2.49634880824335,-1.51508237375625,4.0508429971002,"nwis_01608500 30min 2012-11-05",15.1300453126875,"H",310,2012,21,0.00505747411323887,0
"nwis_01608500","30min","nwis_01608500 30min",2012-11-06,NA,NA,NA,"nwis_01608500 30min 2012-11-06",NA,"H",311,2012,21,NA,0
"nwis_01608500","30min","nwis_01608500 30min",2012-11-07,2.46281150784372,-0.614363317845954,3.84106485860953,"nwis_01608500 30min 2012-11-07",12.85820827525,"H",312,2012,21,NA,0
"nwis_01608500","30min","nwis_01608500 30min",2012-11-08,2.30064659609474,-0.439261408368265,3.94726284526684,"nwis_01608500 30min 2012-11-08",12.1260997934375,"H",313,2012,21,0.110858378457811,0
"nwis_01608500","30min","nwis_01608500 30min",2012-11-09,2.4903594719803,-0.474812311981528,4.0082622220604,"nwis_01608500 30min 2012-11-09",11.50843856825,"H",314,2012,21,0.145860433153158,0
"nwis_01608500","30min","nwis_01608500 30min",2012-11-10,2.76927352344036,-0.656568668000638,4.2215455080941,"nwis_01608500 30min 2012-11-10",10.79107844425,"H",315,2012,21,0.187145488523957,0
"nwis_01608500","30min","nwis_01608500 30min",2012-11-11,3.36376189105743,-1.2651596008622,3.76402392799997,"nwis_01608500 30min 2012-11-11",10.16810781025,"H",316,2012,21,0.336007044553001,0
"nwis_01608500","30min","nwis_01608500 30min",2012-11-12,3.97335475950819,-2.35015614642499,3.61503340658692,"nwis_01608500 30min 2012-11-12",12.22579869225,"H",317,2012,21,0.257890979102831,0
"nwis_01608500","30min","nwis_01608500 30min",2012-11-13,4.87289024350186,-1.98368283731557,4.22747558881579,"nwis_01608500 30min 2012-11-13",19.4772712615,"H",318,2012,21,0.302532175522324,0
"nwis_01608500","30min","nwis_01608500 30min",2012-11-14,5.11269848275006,-2.41456324335671,3.51643530864559,"nwis_01608500 30min 2012-11-14",22.253502136125,"H",319,2012,21,0.0619197096149479,0
"nwis_01608500","30min","nwis_01608500 30min",2012-11-15,5.5210082839833,-1.31911111255739,4.20244019158471,"nwis_01608500 30min 2012-11-15",18.50034004,"H",320,2012,21,0.0992802664590702,0
"nwis_01608500","30min","nwis_01608500 30min",2014-12-07,0.321201860111861,-2.54583204087891,3.38462114825376,"nwis_01608500 30min 2014-12-07",86.431276124375,"H",341,2014,27,3.40480836165402,1
"nwis_01608500","30min","nwis_01608500 30min",2014-12-08,0.649420305168317,-1.29161847493325,3.00291428854574,"nwis_01608500 30min 2014-12-08",82.832676818125,"H",342,2014,27,0.483528792684293,0
"nwis_01608500","30min","nwis_01608500 30min",2014-12-09,1.74766510789042,-0.580429790426757,4.38954915251341,"nwis_01608500 30min 2014-12-09",62.786708879375,"H",343,2014,27,3.13265377006327,0
"nwis_01608500","30min","nwis_01608500 30min",2014-12-10,2.08421294058665,-1.30933612150364,4.34194977085174,"nwis_01608500 30min 2014-12-10",51.106009491875,"H",344,2014,27,0.450131789145302,0
"nwis_01608500","30min","nwis_01608500 30min",2014-12-11,2.16034548351857,-1.1408310044253,3.8633686920952,"nwis_01608500 30min 2014-12-11",44.1034892025,"H",345,2014,27,0.0702191793530209,0
"nwis_01608500","30min","nwis_01608500 30min",2014-12-12,2.93277474927528,-1.14528152522184,4.01497354161081,"nwis_01608500 30min 2014-12-12",36.63492080625,"H",346,2014,27,0.665689035488324,0
"nwis_01608500","30min","nwis_01608500 30min",2014-12-13,2.70679657271496,-0.663776819567612,3.95696600469383,"nwis_01608500 30min 2014-12-13",30.335602217375,"H",347,2014,27,0.116919044314426,0
"nwis_01608500","30min","nwis_01608500 30min",2014-12-14,2.59922501607322,-0.820275361427714,4.10580355926807,"nwis_01608500 30min 2014-12-14",26.1128524085,"H",348,2014,27,0.0630254116755276,0
"nwis_01608500","30min","nwis_01608500 30min",2014-12-15,3.18048154561382,-0.799769597721276,4.0099401250316,"nwis_01608500 30min 2014-12-15",23.107727020625,"H",349,2014,27,0.363461378917041,0
"nwis_01608500","30min","nwis_01608500 30min",2014-12-16,NA,NA,NA,"nwis_01608500 30min 2014-12-16",NA,"H",350,2014,27,NA,0
"nwis_01608500","30min","nwis_01608500 30min",2014-12-17,3.35857496206526,-0.171365295911258,4.56359448095234,"nwis_01608500 30min 2014-12-17",21.6771363128125,"H",351,2014,27,NA,0
"nwis_01608500","30min","nwis_01608500 30min",2014-12-18,2.8237191708308,-0.796581992508571,3.83090794734673,"nwis_01608500 30min 2014-12-18",25.783669062125,"H",352,2014,27,0.226770740738348,0
"nwis_01608500","30min","nwis_01608500 30min",2014-12-19,2.55352089964744,-0.85004805985863,4.07866278839758,"nwis_01608500 30min 2014-12-19",25.17131724575,"H",353,2014,27,0.148157827973191,0
"nwis_01608500","30min","nwis_01608500 30min",2014-12-20,3.60033942181179,-0.704036427408304,3.64363777927452,"nwis_01608500 30min 2014-12-20",23.324822847625,"H",354,2014,27,0.673836137255648,0
"nwis_01608500","30min","nwis_01608500 30min",2014-12-21,3.67878261671658,-0.0460466118792077,4.4560074151291,"nwis_01608500 30min 2014-12-21",21.363881192875,"H",355,2014,27,0.0301665214343959,0
"nwis_01608500","30min","nwis_01608500 30min",2014-12-22,2.93614003928468,-0.582764409803627,3.76819867304682,"nwis_01608500 30min 2014-12-22",19.604697073,"H",356,2014,27,0.277231370995743,0
"nwis_01608500","30min","nwis_01608500 30min",2014-12-23,2.85238505999465,0.110814137546484,4.99688976808624,"nwis_01608500 30min 2014-12-23",17.9576004725,"H",357,2014,27,0.0432587403755018,0
"nwis_01608500","30min","nwis_01608500 30min",2014-12-24,2.05286462755893,-0.00277875747191105,4.62199464432552,"nwis_01608500 30min 2014-12-24",17.886808355,"H",358,2014,27,0.431616757067793,0
"nwis_01608500","30min","nwis_01608500 30min",2014-12-25,3.63392418144214,-0.365705811622717,3.85063299876188,"nwis_01608500 30min 2014-12-25",18.9675680155,"H",359,2014,27,1.50167411127573,0
"nwis_01608500","30min","nwis_01608500 30min",2014-12-26,3.8658847380075,0.364758653182257,4.21008297074659,"nwis_01608500 30min 2014-12-26",21.7196115833125,"H",360,2014,27,0.0880665275787687,0
"nwis_01608500","30min","nwis_01608500 30min",2014-12-27,4.11036024770614,0.0950799838337619,3.91799272039273,"nwis_01608500 30min 2014-12-27",22.926027252375,"H",361,2014,27,0.0853054229489394,0
"nwis_01608500","30min","nwis_01608500 30min",2014-12-28,2.78131305098446,0.706248432367092,4.78138770586241,"nwis_01608500 30min 2014-12-28",22.5921244315,"H",362,2014,27,0.427296869454861,0
"nwis_01608500","30min","nwis_01608500 30min",2014-12-29,4.46805917446557,-0.495006550127045,3.81332037006512,"nwis_01608500 30min 2014-12-29",21.7491082989375,"H",363,2014,27,0.946911674255636,0
"nwis_01608500","30min","nwis_01608500 30min",2015-03-18,1.67483256546752,0.466009094304088,2.98238352168915,"nwis_01608500 30min 2015-03-18",90.97966967375,"H",77,2015,28,NA,1
"nwis_01608500","30min","nwis_01608500 30min",2015-03-19,2.21718939898185,-0.0272027820784106,3.9635818082259,"nwis_01608500 30min 2015-03-19",75.080939951875,"H",78,2015,28,0.803690961681122,0
"nwis_01608500","30min","nwis_01608500 30min",2015-03-20,0.69650014863546,-0.302531799129534,4.17098181733051,"nwis_01608500 30min 2015-03-20",69.181596826875,"H",79,2015,28,1.24934480337933,0
"nwis_01608500","30min","nwis_01608500 30min",2015-03-21,1.99697930861867,-0.823022932713627,3.07199802075607,"nwis_01608500 30min 2015-03-21",77.36398574125,"H",80,2015,28,4.28494167010704,0
"nwis_01608500","30min","nwis_01608500 30min",2015-03-22,2.96912678399366,-0.868951352452433,4.22527806694285,"nwis_01608500 30min 2015-03-22",69.38807383625,"H",81,2015,28,0.975092930185196,0
"nwis_01608500","30min","nwis_01608500 30min",2015-03-23,3.23044828787542,-0.12385947008281,4.16754715990349,"nwis_01608500 30min 2015-03-23",61.88410938125,"H",82,2015,28,0.13270933390676,0
"nwis_01608500","30min","nwis_01608500 30min",2015-03-24,3.28129351407699,-0.511419615967075,4.28387632870076,"nwis_01608500 30min 2015-03-24",55.459724718125,"H",83,2015,28,0.0227959672851246,0
"nwis_01608500","30min","nwis_01608500 30min",2015-03-25,3.31948253759189,-1.0938373089691,3.8290948165268,"nwis_01608500 30min 2015-03-25",49.7196638575,"H",84,2015,28,0.0167400745582495,0
"nwis_01608500","30min","nwis_01608500 30min",2015-03-26,3.83727596369581,-1.41157436152203,4.20096126380122,"nwis_01608500 30min 2015-03-26",45.171270308125,"H",85,2015,28,0.223236613215247,0
"nwis_01608500","30min","nwis_01608500 30min",2015-03-27,4.07921074485032,-2.35244790554043,3.46515911193709,"nwis_01608500 30min 2015-03-27",43.165493645625,"H",86,2015,28,0.0852700915420889,0
"nwis_01608500","30min","nwis_01608500 30min",2015-03-28,4.22544037562256,-0.508656163504018,3.46534671678846,"nwis_01608500 30min 2015-03-28",42.669948823125,"H",87,2015,28,0.0474893220663102,0
"nwis_01608500","30min","nwis_01608500 30min",2015-03-29,3.99433372453929,-0.0370865967975687,3.55137638898756,"nwis_01608500 30min 2015-03-29",38.976960026875,"H",88,2015,28,0.0716511930680667,0
"nwis_01608500","30min","nwis_01608500 30min",2015-03-30,3.85024369653482,-1.18839650689485,3.06954854482378,"nwis_01608500 30min 2015-03-30",34.729432976875,"H",89,2015,28,0.0481208980894873,0
"nwis_01608500","30min","nwis_01608500 30min",2015-03-31,4.34388375454684,-1.39708709490514,3.51844929920079,"nwis_01608500 30min 2015-03-31",32.6823609125,"H",90,2015,28,0.173192228654751,0
"nwis_01608500","30min","nwis_01608500 30min",2015-04-01,4.55282553940184,-0.456435315638507,3.31655817796544,"nwis_01608500 30min 2015-04-01",30.824067828125,"H",91,2015,28,0.0624847632848755,0
"nwis_01608500","30min","nwis_01608500 30min",2015-04-02,4.85307390429912,-1.02243388835032,3.37882141326305,"nwis_01608500 30min 2015-04-02",28.719182201125,"H",92,2015,28,0.0845097406465476,0
"nwis_01608500","30min","nwis_01608500 30min",2015-04-03,4.04381440983176,-1.83039255763947,3.29706523062496,"nwis_01608500 30min 2015-04-03",26.996574008625,"H",93,2015,28,0.2100295801657,0
"nwis_01608500","30min","nwis_01608500 30min",2016-02-21,-0.434525559872457,-1.42000351507681,2.89578690496033,"nwis_01608500 30min 2016-02-21",114.43545793875,"H",52,2016,32,7.50217857230803,1
"nwis_01608500","30min","nwis_01608500 30min",2016-02-22,0.0156691126510556,-0.488285560359284,2.48802461702394,"nwis_01608500 30min 2016-02-22",146.403998333125,"H",53,2016,32,0.313828268464968,1
"nwis_01608500","30min","nwis_01608500 30min",2016-02-23,0.49830815384914,-0.990244830506553,2.49452727964874,"nwis_01608500 30min 2016-02-23",151.689809773125,"H",54,2016,32,0.490321951084919,1
"nwis_01608500","30min","nwis_01608500 30min",2016-02-24,0.67491395842074,-0.872910016581742,2.92796057757616,"nwis_01608500 30min 2016-02-24",132.623132793125,"H",55,2016,32,0.352020480154454,1
"nwis_01608500","30min","nwis_01608500 30min",2016-02-25,0.442858437450106,-1.30763017630007,2.68294652239629,"nwis_01608500 30min 2016-02-25",184.7438293025,"H",56,2016,32,0.713828006405055,1
"nwis_01608500","30min","nwis_01608500 30min",2016-02-26,0.510807477355785,0.579463371459753,2.13183871027594,"nwis_01608500 30min 2016-02-26",174.13681036375,"H",57,2016,32,0.12196009860527,1
"nwis_01608500","30min","nwis_01608500 30min",2016-02-27,0.948062789466404,-0.550328404162899,2.4270665299188,"nwis_01608500 30min 2016-02-27",126.13975469875,"H",58,2016,32,0.893830735079797,1
"nwis_01608500","30min","nwis_01608500 30min",2016-02-28,0.114506748691656,-0.516891913993142,2.96619242777066,"nwis_01608500 30min 2016-02-28",98.3774459525,"H",59,2016,32,16.0493032300138,1
"nwis_01608500","30min","nwis_01608500 30min",2016-02-29,0.346468466480108,-1.41495357017633,3.49402296587821,"nwis_01608500 30min 2016-02-29",81.80029177125,"H",60,2016,32,0.261957634850092,0
"nwis_01608500","30min","nwis_01608500 30min",2016-03-01,1.3754900683862,-0.587633844228607,4.28555877087624,"nwis_01608500 30min 2016-03-01",73.806681836875,"H",61,2016,32,1.57455539499958,0
"nwis_01608500","30min","nwis_01608500 30min",2016-03-02,1.41604223572085,-1.74574636683714,4.22198075360322,"nwis_01608500 30min 2016-03-02",65.03435861,"H",62,2016,32,0.107997975842443,0
"nwis_01608500","30min","nwis_01608500 30min",2016-03-03,1.40418844745228,-0.841706490917161,4.1200918779237,"nwis_01608500 30min 2016-03-03",59.447680670625,"H",63,2016,32,0.0284917906184009,0
"nwis_01608500","30min","nwis_01608500 30min",2016-03-04,1.12428238585394,-0.501158844036092,4.15213450422841,"nwis_01608500 30min 2016-03-04",52.5041538125,"H",64,2016,32,0.692513760258788,0
"nwis_01608500","30min","nwis_01608500 30min",2016-03-05,1.58768054944129,-1.41646828673108,3.81226072530746,"nwis_01608500 30min 2016-03-05",48.156337929375,"H",65,2016,32,3.72859082486515,0
"nwis_01608500","30min","nwis_01608500 30min",2016-03-06,1.29776162888424,-1.05450760786288,3.87535461478194,"nwis_01608500 30min 2016-03-06",43.4899575175,"H",66,2016,32,0.493327405224959,0
"nwis_01608500","30min","nwis_01608500 30min",2016-03-07,1.46388464616445,-1.24638987575051,3.60168571387559,"nwis_01608500 30min 2016-03-07",39.555095653125,"H",67,2016,32,0.557906060302999,0
"nwis_01608500","30min","nwis_01608500 30min",2016-03-08,NA,NA,NA,"nwis_01608500 30min 2016-03-08",NA,"H",68,2016,32,NA,0
"nwis_01608500","30min","nwis_01608500 30min",2016-03-09,2.1200265430707,-0.904259983156114,3.81616301870667,"nwis_01608500 30min 2016-03-09",33.13071099,"H",69,2016,32,NA,0
"nwis_01608500","30min","nwis_01608500 30min",2016-03-10,2.58669011382489,-1.91849301345073,3.67958724582282,"nwis_01608500 30min 2016-03-10",31.04234352375,"H",70,2016,32,0.416654028104343,0
"nwis_01608500","30min","nwis_01608500 30min",2016-03-11,3.48262025310884,-2.11996944611397,3.51273972593695,"nwis_01608500 30min 2016-03-11",29.726790006875,"H",71,2016,32,0.564653508254496,0
"nwis_01608500","30min","nwis_01608500 30min",2016-03-12,2.44149830182991,-1.95861448359553,3.08981324857939,"nwis_01608500 30min 2016-03-12",28.528043483875,"H",72,2016,32,0.419364157677838,0
"nwis_01608500","30min","nwis_01608500 30min",2016-03-13,2.05763119417582,-1.50350247870949,3.59148225839986,"nwis_01608500 30min 2016-03-13",28.587036915125,"H",73,2016,32,0.266297301333474,0
"nwis_01608500","30min","nwis_01608500 30min",2016-03-14,1.69850849954594,-1.48316476504617,4.15533917978201,"nwis_01608500 30min 2016-03-14",41.962027648125,"H",74,2016,32,0.339553803450109,0
"nwis_01608500","30min","nwis_01608500 30min",2016-03-15,2.48493213324116,-0.809635211790417,3.86469916495722,"nwis_01608500 30min 2016-03-15",45.596023013125,"H",75,2016,32,1.12586122317256,0
"nwis_01608500","30min","nwis_01608500 30min",2016-03-16,3.81655718626563,-2.48205618465519,2.70958399159847,"nwis_01608500 30min 2016-03-16",46.657904775625,"H",76,2016,32,0.89675819063726,0
"nwis_01608500","30min","nwis_01608500 30min",2016-03-17,3.44136912044903,-1.61606539130515,2.91962670953324,"nwis_01608500 30min 2016-03-17",44.475147819375,"H",77,2016,32,0.133208041237767,0
"nwis_01608500","30min","nwis_01608500 30min",2016-03-18,4.02243174981426,-1.58294925792147,2.74234891786093,"nwis_01608500 30min 2016-03-18",40.68187019,"H",78,2016,32,0.23800687265937,0
"nwis_01608500","30min","nwis_01608500 30min",2016-03-19,2.46313528379916,-1.56163587055545,2.97275976053137,"nwis_01608500 30min 2016-03-19",38.776382360625,"H",79,2016,32,0.515907916236959,0
"nwis_01608500","30min","nwis_01608500 30min",2016-03-20,3.66618927285396,-1.06619659831475,2.49366144813958,"nwis_01608500 30min 2016-03-20",42.221598745625,"H",80,2016,32,0.822243850159203,0
"nwis_01608500","30min","nwis_01608500 30min",2016-03-21,3.60659559829213,-1.41993521859141,2.63419115693684,"nwis_01608500 30min 2016-03-21",40.88244785625,"H",81,2016,32,0.0223516294092802,0
"nwis_01608500","30min","nwis_01608500 30min",2016-03-22,3.76045333701357,-0.863051882587539,3.47270116230885,"nwis_01608500 30min 2016-03-22",38.292636224375,"H",82,2016,32,0.059026317247773,0
"nwis_01608500","30min","nwis_01608500 30min",2016-03-23,NA,NA,NA,"nwis_01608500 30min 2016-03-23",NA,"H",83,2016,32,NA,0
"nwis_01608500","30min","nwis_01608500 30min",2016-03-24,4.84204080665769,-2.53602658156492,2.76109373665321,"nwis_01608500 30min 2016-03-24",34.20439143875,"H",84,2016,32,NA,0
"nwis_01608500","30min","nwis_01608500 30min",2016-03-25,5.14725815878655,-2.61250088677337,3.43762181475027,"nwis_01608500 30min 2016-03-25",32.664662883125,"H",85,2016,32,0.079441465483647,0
"nwis_01608500","30min","nwis_01608500 30min",2016-03-26,5.56694718091997,-2.07100757652581,2.94578019618411,"nwis_01608500 30min 2016-03-26",31.65587520875,"H",86,2016,32,0.101196743984758,0
"nwis_01608500","30min","nwis_01608500 30min",2016-03-27,6.08636151887203,-2.65776396359984,2.55682950418282,"nwis_01608500 30min 2016-03-27",29.431822850625,"H",87,2016,32,0.113733379733862,0
